{
  "loss_optimized": "l1",
  "theta_rad": 0.5235983043849409,
  "theta_deg": 29.999973001463342,
  "M": 0.029999997081893534,
  "X": 54.99999833985624,
  "sse_cost": 0.0076757793331576245,
  "rmse": 3.48706077737569e-06,
  "max_abs_residual": 1.7458668510661468e-05,
  "l1_residual": 2.5585931110525415e-06,
  "chamfer_rmse_validation": 0.004660157806852218,
  "param_std_errors": [
    0.0,
    0.0,
    0.0
  ],
  "covariance_matrix": [
    [
      0.0,
      0.0,
      0.0
    ],
    [
      0.0,
      0.0,
      0.0
    ],
    [
      0.0,
      0.0,
      0.0
    ]
  ],
  "n_multistart_runs": 13,
  "multistart_std": [
    0.10400902711216495,
    0.008268946812699114,
    14.04125662189582
  ],
  "wall_time_seconds": 38.92012095451355,
  "precision_coverage": {
    "median_error": 1.919784526016599e-06,
    "p90_error": 5.823271929283893e-06,
    "p95_error": 7.513516196722136e-06,
    "p99_error": 1.0969015855312736e-05,
    "pct_within_10um": 98.46666666666667,
    "pct_within_5um": 86.4
  },
  "dataset_report": {
    "n_samples": 1500,
    "n_missing": 0,
    "n_duplicates": 0,
    "x_range": [
      59.657204,
      109.23152
    ],
    "y_range": [
      46.032295,
      69.68551
    ]
  },
  "desmos_latex": "\\left(t*\\cos(0.523598)-e^{0.030000\\left|t\\right|}\\cdot\\sin(0.3t)\\sin(0.523598)+54.999998,42+t*\\sin(0.523598)+e^{0.030000\\left|t\\right|}\\cdot\\sin(0.3t)\\cos(0.523598)\\right)"
}