{
  "theta_rad": 0.5235983031756135,
  "theta_deg": 29.999972932173982,
  "M": 0.02999999687308268,
  "X": 54.99999821282947,
  "rmse": 3.486161151052133e-06,
  "max_abs_residual": 1.7615019954231315e-05,
  "chamfer_rmse": 0.004660156492457898,
  "param_std_errors": [
    2.8612269191303544e-09,
    7.92933544709111e-10,
    1.4727892491925618e-07
  ],
  "covariance_matrix": [
    [
      8.18661948275618e-18,
      5.606982092842438e-19,
      2.0063771207626653e-16
    ],
    [
      5.606982092842439e-19,
      6.287436063249558e-19,
      1.3182941402053075e-17
    ],
    [
      2.0063771207626653e-16,
      1.3182941402053069e-17,
      2.1691081725371904e-14
    ]
  ]
}