{
  "theta_rad": 0.5235983031753397,
  "theta_deg": 29.999972932158297,
  "M": 0.029999996873059678,
  "X": 54.99999821279947,
  "rmse": 3.486161151294337e-06,
  "max_abs_residual": 1.761505485098347e-05,
  "chamfer_rmse": 0.004660156492143236,
  "param_std_errors": [
    2.861226916360562e-09,
    7.929335449489806e-10,
    1.472789251796486e-07
  ],
  "covariance_matrix": [
    [
      8.186619466906171e-18,
      5.606982110578382e-19,
      2.006377131926199e-16
    ],
    [
      5.606982110578381e-19,
      6.287436067053569e-19,
      1.3182941590248163e-17
    ],
    [
      2.006377131926199e-16,
      1.3182941590248163e-17,
      2.1691081802072528e-14
    ]
  ],
  "t_range": [
    6.049405472718361,
    59.99517070234954
  ]
}