{
  "theta_rad": 0.5235983031756135,
  "theta_deg": 29.999972932173982,
  "M": 0.02999999687308268,
  "X": 54.99999821282947,
  "sse_cost": 9.11498967832885e-09,
  "rmse": 3.486161151052133e-06,
  "max_abs_residual": 1.7615019954231315e-05,
  "l1_residual": 2.559805022787734e-06,
  "chamfer_rmse_validation": 0.004660156492457898,
  "param_std_errors": [
    2.8612269191303544e-09,
    7.92933544709111e-10,
    1.4727892491925618e-07
  ],
  "covariance_matrix": [
    [
      8.18661948275618e-18,
      5.606982092842438e-19,
      2.0063771207626653e-16
    ],
    [
      5.606982092842439e-19,
      6.287436063249558e-19,
      1.3182941402053075e-17
    ],
    [
      2.0063771207626653e-16,
      1.3182941402053069e-17,
      2.1691081725371904e-14
    ]
  ],
  "n_multistart_runs": 13,
  "multistart_std": [
    0.0706152782944088,
    0.004471619589563903,
    8.007441011448124
  ],
  "wall_time_seconds": 2.2956035137176514,
  "coordinate_matches": {
    "x_matches": 1210,
    "y_matches": 818,
    "xy_matches": 688,
    "x_l1_mae": 1.2799014642913184e-06,
    "y_l1_mae": 2.2168567830552396e-06,
    "xy_l1_mae": 3.496758247346558e-06
  },
  "dataset_report": {
    "n_samples": 1500,
    "n_missing": 0,
    "n_duplicates": 0,
    "x_range": [
      59.657204,
      109.23152
    ],
    "y_range": [
      46.032295,
      69.68551
    ]
  },
  "desmos_latex": "\\left(t*\\cos(0.523598)-e^{0.030000\\left|t\\right|}\\cdot\\sin(0.3t)\\sin(0.523598)+54.999998,42+t*\\sin(0.523598)+e^{0.030000\\left|t\\right|}\\cdot\\sin(0.3t)\\cos(0.523598)\\right)"
}